Company_Identifier,CompanyName,Year,URL,Source_Page,Title,Source
S4,ASSA ABLOY B,2024,https://www.assaabloy.com/group/en/documents/investors/annual-reports/2024/Annual%20Report%202024.pdf,https://www.assaabloy.com/group/en/investors,Annual Report 2024,ir
S4,ASSA ABLOY B,2023,https://www.assaabloy.com/group/en/documents/investors/annual-reports/2023/Annual%20Report%202023.pdf,https://www.assaabloy.com/group/en/investors,Annual Report 2023,ir
S4,ASSA ABLOY B,2022,https://www.assaabloy.com/group/en/documents/investors/annual-reports/2022/Annual%20Report%202022.pdf,https://www.assaabloy.com/group/en/investors,Annual Report 2022,ir
S4,ASSA ABLOY B,2021,https://www.assaabloy.com/group/en/documents/investors/annual-reports/2021/Annual%20report%202021.pdf,https://www.assaabloy.com/group/en/investors,Annual Report 2021,ir
S4,ASSA ABLOY B,2020,https://www.assaabloy.com/group/en/documents/investors/annual-reports/2020/Annual%20report%202020.pdf,https://www.assaabloy.com/group/en/investors,Annual Report 2020,ir
S4,ASSA ABLOY B,2019,https://www.assaabloy.com/group/en/documents/investors/annual-reports/2019/Annual%20report%202019.pdf,https://www.assaabloy.com/group/en/investors,Annual Report 2019,ir
S2,Addtech B,2024,https://www.addtech.com/fileadmin/user_upload/Arsredovisningar/Addtech-Annual-Report-24-25.pdf,https://www.addtech.com/investors-and-media/annual-reports,pdf,ir
S2,Addtech B,2023,https://www.addtech.com/fileadmin/user_upload/Addtech-Annual-Report-23-24.pdf,https://www.addtech.com/investors-and-media/annual-reports,pdf,ir
S2,Addtech B,2022,https://www.addtech.com/fileadmin/user_upload/Arsredovisningar/Addtech-Annual-Report-22-23.pdf,https://www.addtech.com/investors-and-media/annual-reports,pdf,ir
S2,Addtech B,2021,https://www.addtech.com/fileadmin/user_upload/Arsredovisningar/Addtech-Annual-Report-2021-2022.pdf,https://www.addtech.com/investors-and-media/annual-reports,pdf,ir
S2,Addtech B,2020,https://www.addtech.com/fileadmin/user_upload/Addtech-Annual-Report-2020-2021.pdf,https://www.addtech.com/investors-and-media/annual-reports,pdf,ir
S2,Addtech B,2019,https://www.addtech.com/fileadmin/user_upload/Addtech-Annual-Report-2019-2020.pdf,https://www.addtech.com/investors-and-media/annual-reports,pdf,ir
S3,Alfa Laval,2019,https://mb.cision.com/Main/905/3069338/1218261.pdf,"https://news.cision.com/alfa-laval/r/alfa-laval-s-annual-report-for-2019,c3069338","alfa laval’s annual report for 2019thu, mar 26, 2020 10:00 cetalfa laval’s annual report for 2019 ha",cision
S3,Alfa Laval,2020,https://mb.cision.com/Main/905/3318163/1395815.pdf,"https://news.cision.com/alfa-laval/r/alfa-laval-s-annual-report-for-2020,c3318163","alfa laval’s annual report for 2020wed, mar 31, 2021 10:00 cetalfa laval’s annual report for 2020 ha",cision
S3,Alfa Laval,2021,https://mb.cision.com/Main/905/3536813/1557177.pdf,"https://news.cision.com/alfa-laval/r/alfa-laval-s-annual-and-sustainability-report-for-2021-published,c3536813","alfa laval’s annual and sustainability report for 2021 publishedthu, mar 31, 2022 13:00 cetalfa lava",cision
S3,Alfa Laval,2022,https://mb.cision.com/Main/905/3744039/1955700.pdf,"https://news.cision.com/alfa-laval/r/alfa-laval-s-annual-and-sustainability-report-for-2022-published,c3744039","alfa laval’s annual and sustainability report for 2022 publishedfri, mar 31, 2023 10:00 cetalfa lava",cision
S3,Alfa Laval,2023,https://mb.cision.com/Main/905/3953677/2701033.pdf,"https://news.cision.com/alfa-laval/r/alfa-laval-s-annual-and-sustainability-report-for-2023-published,c3953677","alfa laval’s annual and sustainability report for 2023 publishedthu, mar 28, 2024 10:00 cetalfa lava",cision
S3,Alfa Laval,2024,https://mb.cision.com/Main/905/4128721/3359435.pdf,"https://news.cision.com/alfa-laval/r/alfa-laval-s-annual-and-sustainability-report-for-2024-published,c4128721","alfa laval’s annual and sustainability report for 2024 publishedtue, apr 01, 2025 13:00 cetalfa lava",cision
S1,ABB Ltd,2023,https://global.abb/content/dam/abb/global/group/investors/results-and-reports/annual_reporting_suite/2023/ABB%20Form%20SD%202023.pdf,https://global.abb/group/en/investors/annual-reports,pdf,ir
S1,ABB Ltd,2019,https://mb.cision.com/Main/417/3045869/1201088.pdf,"https://news.cision.com/abb/r/abb-publishes-2019-annual-report,c3045869","abb publishes 2019 annual reportwed, feb 26, 2020 06:46 cetzurich, switzerland, february 26, 2020 - ",cision
S1,ABB Ltd,2020,https://mb.cision.com/Main/417/3296284/1379492.pdf,"https://news.cision.com/abb/r/abb-publishes-2020-annual-report,c3296284","abb publishes 2020 annual reportfri, feb 26, 2021 06:45 cetzurich, switzerland, february 26, 2021 - ",cision
S1,ABB Ltd,2021,https://mb.cision.com/Main/417/3516666/1542750.pdf,"https://news.cision.com/abb/r/abb-publishes-esef-version-of-2021-annual-report,c3516666","abb publishes esef version of 2021 annual reporttue, mar 01, 2022 14:19 cetzurich, switzerland, marc",cision
S1,ABB Ltd,2024,https://storage.mfn.se/c/aHR0cHM6Ly9lcXMtY29ja3BpdC5jb20vYy9mbmNscy5zc3A_dT00MDI2YTgzODkzNmNjNjEyNTdhYzc3MDMxNzdiMjFiMw/pdf.pdf?news-id=32135482-caab-58e4-83bf-ae921012f2d8,https://mfn.se/eqs/a/abb/abb-ltd-abb-publishes-its-annual-reporting-suite-2024-32135482,Annual Report 2024 (via MFN),mfn
S1,ABB Ltd,2022,https://mb.cision.com/Main/417/3725044/1882197.pdf,https://mfn.se/cis/a/abb/abb-publishes-esef-version-of-2022-annual-reports-dbe1aae5,Annual Report 2022 (via MFN),mfn
S6,Atlas Copco A,2024,https://mb.cision.com/Main/90/4121385/3330927.pdf,https://mfn.se/cis/a/atlas-copco/atlas-copco-group-publishes-annual-report-for-2024-6c4e9060,Annual Report 2024 (via MFN),mfn_detail
S6,Atlas Copco A,2023,https://mb.cision.com/Main/90/3949217/2683988.pdf,https://mfn.se/cis/a/atlas-copco/atlas-copco-group-publicerar-arsredovisning-for-2023-380a757e,Annual Report 2023 (via MFN),mfn_detail
S6,Atlas Copco A,2022,https://mb.cision.com/Main/90/3737551/1929255.pdf,https://mfn.se/cis/a/atlas-copco/atlas-copco-publicerar-sin-arsredovisning-for-2022-be7be8ae,Annual Report 2022 (via MFN),mfn_detail
S6,Atlas Copco A,2021,https://mb.cision.com/Main/90/3528089/1551058.pdf,https://mfn.se/cis/a/atlas-copco/atlas-copco-publishes-its-annual-report-for-2021-79007ed0,Annual Report 2021 (via MFN),mfn_detail
S6,Atlas Copco A,2020,https://mb.cision.com/Main/90/3303771/1384842.pdf,https://mfn.se/cis/a/atlas-copco/atlas-copco-publishes-its-annual-report-for-2020-12eae0b0,Annual Report 2020 (MFN/Cision),mfn
S6,Atlas Copco A,2019,https://mb.cision.com/Main/90/3053634/1206606.pdf,https://mfn.se/cis/a/atlas-copco/atlas-copco-publishes-its-annual-report-for-2019-a927bb50,Annual Report 2019 (MFN/Cision),mfn
S7,Boliden,2024,https://mb.cision.com/Main/997/4121044/3330967.pdf,https://mfn.se/cis/a/boliden/boliden-publishes-annual-and-sustainability-report-2024-b8884bf4,Annual Report 2024 (via MFN),mfn_detail
S7,Boliden,2023,https://mb.cision.com/Main/997/3940837/2649391.pdf,https://mfn.se/cis/a/boliden/boliden-publishes-annual-and-sustainability-report-2023-c08abf95,Annual Report 2023 (via MFN),mfn_detail
S7,Boliden,2022,https://mb.cision.com/Main/997/3728993/1896716.pdf,https://mfn.se/cis/a/boliden/boliden-publishes-annual-and-sustainability-report-2022-6182e20a,Annual Report 2022 (via MFN),mfn_detail
S7,Boliden,2021,https://mb.cision.com/Main/997/3521171/1545927.pdf,https://mfn.se/cis/a/boliden/boliden-publicerar-ars-och-hallbarhetsredovisning-for-2021-97a24f53,Annual Report 2021 (via MFN),mfn_detail
S7,Boliden,2020,https://mb.cision.com/Main/997/3302961/1384337.pdf,https://mfn.se/cis/a/boliden/boliden-publishes-annual-and-sustainability-report-2020-2f64c785,Annual Report 2020 (via MFN),mfn_detail
S7,Boliden,2019,https://mb.cision.com/Public/997/3056299/97db413f283398d8.pdf,https://mfn.se/cis/a/boliden/boliden-publishes-annual-and-sustainability-report-2019-5f625291,Annual Report 2019 (MFN/Cision),mfn
S9,EQT,2019,https://mb.cision.com/Main/87/3081202/1224326.pdf,"https://news.cision.com/eqt/r/eqt-ab-annual-report-2019-published,c3081202","eqt ab annual report 2019 publishedfri, apr 03, 2020 16:54 ceteqt ab has today published its first a",cision
S9,EQT,2020,https://mb.cision.com/Main/87/3106749/1243974.pdf,"https://news.cision.com/eqt/r/welcome-to-the-eqt-ab-annual-shareholders--meeting-2020,c3106749","welcome to the eqt ab annual shareholders’ meeting 2020thu, may 07, 2020 17:30 cetthe shareholders o",cision
S9,EQT,2021,https://mb.cision.com/Main/87/3533390/1554636.pdf,"https://news.cision.com/eqt/r/eqt-ab-s-annual-and-sustainability-report-for-2021-published,c3533390","eqt ab’s annual and sustainability report for 2021 publishedmon, mar 28, 2022 08:00 cettoday, eqt ab",cision
S9,EQT,2022,https://mb.cision.com/Main/87/3743377/1953227.pdf,"https://news.cision.com/eqt/r/eqt-ab-s-annual-and-sustainability-report-for-2022-published,c3743377","eqt ab’s annual and sustainability report for 2022 publishedthu, mar 30, 2023 08:00 cettoday, eqt ab",cision
S9,EQT,2023,https://mb.cision.com/Main/87/3947084/2674429.pdf,"https://news.cision.com/eqt/r/eqt-ab-publishes-annual-and-sustainability-report-for-2023,c3947084","eqt ab publishes annual and sustainability report for 2023mon, mar 18, 2024 08:00 ceteqt ab (publ) p",cision
S9,EQT,2024,https://mb.cision.com/Main/87/4118218/3318218.pdf,"https://news.cision.com/eqt/r/eqt-ab-publishes-annual---sustainability-report-for-2024,c4118218","eqt ab publishes annual & sustainability report for 2024thu, mar 13, 2025 08:00 ceteqt ab (publ) has",cision
S8,Epiroc A,2019,https://mb.cision.com/Main/16899/3057327/1209748.pdf,"https://news.cision.com/epiroc/r/epiroc-publishes-annual-and-sustainability-report-for-2019,c3057327","epiroc publishes annual and sustainability report for 2019thu, mar 12, 2020 08:30 cetstockholm, swed",cision
S8,Epiroc A,2020,https://mb.cision.com/Main/16899/3304276/1385187.pdf,"https://news.cision.com/epiroc/r/epiroc-publishes-annual-and-sustainability-report-for-2020,c3304276","epiroc publishes annual and sustainability report for 2020thu, mar 11, 2021 08:30 cetstockholm, swed",cision
S8,Epiroc A,2021,https://mb.cision.com/Main/16899/3517772/1543872.pdf,"https://news.cision.com/epiroc/r/epiroc-publishes-annual-and-sustainability-report-for-2021,c3517772","epiroc publishes annual and sustainability report for 2021thu, mar 03, 2022 13:00 cetstockholm, swed",cision
S8,Epiroc A,2022,https://mb.cision.com/Main/16899/3731614/1905213.pdf,"https://news.cision.com/epiroc/r/epiroc-publishes-annual-and-sustainability-report-for-2022,c3731614","epiroc publishes annual and sustainability report for 2022fri, mar 10, 2023 11:00 cetstockholm, swed",cision
S8,Epiroc A,2023,https://mb.cision.com/Main/16899/3954175/2702722.pdf,"https://news.cision.com/epiroc/r/epiroc-publishes-annual-and-sustainability-report-for-2023,c3954175","epiroc publishes annual and sustainability report for 2023thu, mar 07, 2024 12:30 cetstockholm, swed",cision
S8,Epiroc A,2024,https://mb.cision.com/Main/16899/4132564/3374984.pdf,"https://news.cision.com/epiroc/r/epiroc-publishes-annual-and-sustainability-report-for-2024,c4132564","epiroc publishes annual and sustainability report for 2024thu, mar 20, 2025 11:45 cetstockholm, swed",cision
S10,Ericsson B,2019,https://mb.cision.com/Main/15448/3050872/1204724.pdf,"https://news.cision.com/se/ericsson/r/ericssons-arsredovisning-2019-publicerad,c3050872","ericssons årsredovisning 2019 publiceradtis, mar 03, 2020 08:30 cet· årsredovisning 2019 tillgänglig",cision
S10,Ericsson B,2020,https://mb.cision.com/Main/15448/3300585/1382692.pdf,"https://news.cision.com/se/ericsson/r/ericssons-arsredovisning-2020-publicerad,c3300585","ericssons årsredovisning 2020 publiceradfre, mar 05, 2021 08:30 cet· årsredovisningen 2020 tillgängl",cision
S10,Ericsson B,2021,https://mb.cision.com/Main/15448/3519769/1545058.pdf,"https://news.cision.com/se/ericsson/r/ericssons-arsredovisning-2021-publicerad,c3519769","ericssons årsredovisning 2021 publiceradfre, mar 04, 2022 16:30 cet· årsredovisningen 2021 tillgängl",cision
S10,Ericsson B,2022,https://mb.cision.com/Main/15448/3729192/1896982.pdf,"https://news.cision.com/se/ericsson/r/ericssons-arsredovisning-2022-publicerad,c3729192","ericssons årsredovisning 2022 publiceradons, mar 08, 2023 08:00 cet· årsredovisningen 2022 tillgängl",cision
S10,Ericsson B,2023,https://mb.cision.com/Main/15448/3941077/2649306.pdf,"https://news.cision.com/se/ericsson/r/ericssons-arsredovisning-2023-publicerad,c3941077","ericssons årsredovisning 2023 publiceradons, mar 06, 2024 09:00 cet· årsredovisningen 2023 tillgängl",cision
S10,Ericsson B,2024,https://mb.cision.com/Main/15448/4111350/3285958.pdf,"https://news.cision.com/se/ericsson/r/ericssons-arsredovisning-2024-publicerad,c4111350","ericssons årsredovisning 2024 publiceradtor, feb 27, 2025 08:30 cet· årsredovisningen 2024 tillgängl",cision
S12,Evolution,2024,https://www.evolution.com/wp-content/uploads/2024/04/Evolution_Annual_Report_2023.pdf,https://www.evolution.com/annual-reports,annual report 2023,ir
S12,Evolution,2023,https://www.evolution.com/wp-content/uploads/2023/03/Annual_Report_English_2022.pdf,https://www.evolution.com/annual-reports,annual report 2022,ir
S12,Evolution,2021,https://evolution-com-media.s3.eu-central-1.amazonaws.com/s3fs-public/1550307.pdf,https://www.evolution.com/annual-reports,annual report 2021,ir
S12,Evolution,2020,https://www.evolution.com/wp-content/uploads/2025/04/Evolution-Annual-Report-2024.pdf,https://www.evolution.com/annual-reports,annual report 2024,ir
S12,Evolution,2019,https://mb.cision.com/Main/12069/3066661/1216435.pdf,"https://news.cision.com/evolution/r/evolution-gaming-annual-report-2019,c3066661","evolution gaming annual report 2019tue, mar 24, 2020 17:00 cetthe 2019 annual report of evolution ga",cision
S12,Evolution,2022,https://mb.cision.com/Main/12069/3735605/1921487.pdf,https://mfn.se/cis/a/evolution/evolution-annual-report-2022-6290af36,Annual Report 2022 (via MFN),mfn
S12,Evolution,2022,https://mb.cision.com/Public/12069/3734088/8f5e75242de09d31.pdf,https://mfn.se/cis/a/evolution/evolution-annual-report-2022-6290af36,Annual Report 2022 (via MFN),mfn
S13,Hennes & Mauritz B,2020,https://hmgroup.com/wp-content/uploads/2025/03/HM-Group-Annual-and-sustainability-report-2024.pdf,https://hmgroup.com/investors/,annual and sustainability report 2024,ir
S13,Hennes & Mauritz B,2019,https://mb.cision.com/Main/769/3076990/1220978.pdf,"https://news.cision.com/se/h---m-hennes---mauritz-ab/r/publicering-av-h---m-hennes---mauritz-ab-s-arsredovisning-2019,c3076990","publicering av h & m hennes & mauritz ab:s årsredovisning 2019tis, mar 31, 2020 08:00 ceth & m henne",cision
S13,Hennes & Mauritz B,2021,https://mb.cision.com/Main/769/3536176/1556765.pdf,"https://news.cision.com/se/h---m-hennes---mauritz-ab/r/h---m-hennes---mauritz-ab-s-ars--och-hallbarhetsredovisning-for-2021-ar-publicerad,c3536176","h & m hennes & mauritz ab:s års- och hållbarhetsredovisning för 2021 är publiceradtor, mar 31, 2022 ",cision
S13,Hennes & Mauritz B,2022,https://mb.cision.com/Main/769/3743344/1953371.pdf,"https://news.cision.com/se/h---m-hennes---mauritz-ab/r/h---m-hennes---mauritz-ab-s-ars--och-hallbarhetsredovisning-for-2022-ar-publicerad,c3743344","h & m hennes & mauritz ab:s års- och hållbarhetsredovisning för 2022 är publiceradtor, mar 30, 2023 ",cision
S13,Hennes & Mauritz B,2023,https://mb.cision.com/Main/769/3952727/2698038.pdf,"https://news.cision.com/se/h---m-hennes---mauritz-ab/r/h---m-hennes---mauritz-ab-s-ars--och-hallbarhetsredovisning-for-2023-ar-publicerad,c3952727","h & m hennes & mauritz ab:s års- och hållbarhetsredovisning för 2023 är publiceradons, mar 27, 2024 ",cision
S13,Hennes & Mauritz B,2024,https://mb.cision.com/Main/769/4124721/3347739.pdf,"https://news.cision.com/se/h---m-hennes---mauritz-ab/r/h---m-hennes---mauritz-ab-publicerar-sin-ars--och-hallbarhetsredovisning-for-2024,c4124721","h & m hennes & mauritz ab publicerar sin års- och hållbarhetsredovisning för 2024tor, mar 27, 2025 0",cision
S17,Lifco B,2024,https://network.s-z.se/app/uploads/sites/16/Lifco-annual-report-2024.pdf,https://www.lifco.se/investors/financial-reports/annual-reports,,ir
S17,Lifco B,2023,https://network.s-z.se/app/uploads/sites/16/lifco_annual_report_2023.pdf,https://www.lifco.se/investors/financial-reports/annual-reports,,ir
S17,Lifco B,2022,https://network.s-z.se/app/uploads/sites/16/en_lifco_annualreport_2022.pdf,https://www.lifco.se/investors/financial-reports/annual-reports,,ir
S17,Lifco B,2021,https://network.s-z.se/app/uploads/sites/16/eng_lifco_annual_report_2021_webb.pdf,https://www.lifco.se/investors/financial-reports/annual-reports,,ir
S17,Lifco B,2020,https://network.s-z.se/app/uploads/sites/16/Lifco-annual-report-2017.pdf,https://www.lifco.se/investors/financial-reports/annual-reports,,ir
S17,Lifco B,2019,https://network.s-z.se/app/uploads/sites/16/lifco-annual-report-2019.pdf,https://www.lifco.se/investors/financial-reports/annual-reports,,ir
S16,Investor B,2019,https://mb.cision.com/Main/1084/2775825/1016251.pdf,"https://news.cision.com/se/investor/r/kallelse-till-investor-ab-s-arsstamma-den-8-maj-2019,c2775825","kallelse till investor ab:s årsstämma den 8 maj 2019fre, mar 29, 2019 08:16 cetinvestor ab (publ) ka",cision
S16,Investor B,2020,https://mb.cision.com/Main/1084/3316889/1394940.pdf,"https://news.cision.com/se/investor/r/arsredovisningen-2020--ett-starkt-ar-for-investor,c3316889","årsredovisningen 2020: ett starkt år för investortis, mar 30, 2021 10:10 cetidag har investor ab pub",cision
S16,Investor B,2021,https://mb.cision.com/Main/1084/3532369/1553846.pdf,"https://news.cision.com/se/investor/r/arsredovisningen-for-2021-ar-nu-publicerad,c3532369","årsredovisningen för 2021 är nu publiceradfre, mar 25, 2022 08:27 cetinvestor ab har idag publicerat",cision
S16,Investor B,2022,https://mb.cision.com/Main/1084/3739428/1938982.pdf,"https://news.cision.com/se/investor/r/investor-publicerar-arsredovisningen-for-2022,c3739428","investor publicerar årsredovisningen för 2022fre, mar 24, 2023 08:30 cetinvestor ab publicerar idag ",cision
S16,Investor B,2023,https://mb.cision.com/Main/1084/3953149/2699359.pdf,"https://news.cision.com/se/investor/r/investor-publicerar-arsredovisning-2023,c3953149","investor publicerar årsredovisning 2023ons, mar 27, 2024 08:25 cetinvestor ab har publicerat sin års",cision
S16,Investor B,2024,https://mb.cision.com/Main/1084/4130452/3365717.pdf,"https://news.cision.com/se/investor/r/investor-publicerar-arsredovisning-2024,c4130452","investor publicerar årsredovisning 2024fre, apr 04, 2025 08:15 cetidag publicerar investor årsredovi",cision
S11,Essity B,2019,https://mb.cision.com/Main/15798/3154642/1279575.pdf,"https://news.cision.com/essity/r/year-end-report-2019,c3154642","year-end report 2019wed, jan 22, 2020 07:00 cetjanuary 1 – december 31, 2019(compared with the corre",cision
S11,Essity B,2020,https://mb.cision.com/Main/15798/3274602/1364026.pdf,"https://news.cision.com/essity/r/year-end-report-2020,c3274602","year-end report 2020wed, jan 27, 2021 07:00 cetjanuary 1 – december 31, 2020(compared with the corre",cision
S11,Essity B,2021,https://mb.cision.com/Main/15798/3517187/1543095.pdf,"https://news.cision.com/essity/r/essity-publishes-annual-and-sustainability-report-2021,c3517187","essity publishes annual and sustainability report 2021wed, mar 02, 2022 08:00 cethygiene and health ",cision
S11,Essity B,2022,https://mb.cision.com/Main/15798/3727262/1890017.pdf,"https://news.cision.com/essity/r/essity-publishes-annual-and-sustainability-report-2022,c3727262","essity publishes annual and sustainability report 2022thu, mar 02, 2023 08:00 cethygiene and health ",cision
S11,Essity B,2023,https://mb.cision.com/Main/15798/3937170/2634163.pdf,"https://news.cision.com/essity/r/essity-s-annual-report-for-2023,c3937170","essity’s annual report for 2023wed, feb 28, 2024 08:00 cethygiene and health company essity is today",cision
S11,Essity B,2024,https://mb.cision.com/Main/15798/4113057/3294193.pdf#page=7,"https://news.cision.com/essity/r/essity-s-annual-report-for-2024,c4113155","essity’s annual report for 2024mon, mar 03, 2025 08:00 cethygiene and health company essity is today",cision
S19,Nordea Bank Abp,2024,https://www.nordea.com/en/doc/annual-report-nordea-bank-abp-2024-0.pdf#page=5,https://www.nordea.com/en/investors/latest-annual-report,read ceo comment,ir
S19,Nordea Bank Abp,2019,https://mb.cision.com/Main/434/3047655/1201947.pdf,"https://news.cision.com/nordea/r/nordea-has-published-its-annual-report--sustainability-report-and-remuneration-policy-for-governing-,c3047655","nordea has published its annual report, sustainability report and remuneration policy for governing ",cision
S19,Nordea Bank Abp,2020,https://mb.cision.com/Main/434/3297563/1380411.pdf,"https://news.cision.com/nordea/r/nordea-has-published-its-annual-report--sustainability-report-and-remuneration-report-for-governing-,c3297563","nordea has published its annual report, sustainability report and remuneration report for governing ",cision
S19,Nordea Bank Abp,2021,https://mb.cision.com/Public/434/3517156/a676509631b85d17.pdf,"https://news.cision.com/nordea/r/nordea-has-published-its-annual-reporting-package-2021--including-sustainability-reporting,c3517156","nordea has published its annual reporting package 2021, including sustainability reportingwed, mar 0",cision
S19,Nordea Bank Abp,2022,https://mb.cision.com/Public/434/3725516/812c3dee2915cff3.pdf,"https://news.cision.com/nordea/r/nordea-has-published-its-annual-reporting-for-2022,c3725516","nordea has published its annual reporting for 2022wed, mar 01, 2023 08:00 cetnordea bank abpstock ex",cision
S19,Nordea Bank Abp,2023,https://mb.cision.com/Main/434/3935418/2626561.pdf,"https://news.cision.com/nordea/r/nordea-has-published-its-annual-reporting-for-2023,c3935418","nordea has published its annual reporting for 2023mon, feb 26, 2024 08:00 cetnordea bank abpstock ex",cision
S14,Hexagon B,2019,https://mb.cision.com/Main/387/3080143/1223428.pdf,"https://news.cision.com/hexagon/r/hexagon-publishes-the-annual-report-and-sustainability-report-2019,c3080143","hexagon publishes the annual report and sustainability report 2019fri, apr 03, 2020 08:00 cethexagon",cision
S14,Hexagon B,2020,https://mb.cision.com/Main/387/3318474/1396045.pdf,"https://news.cision.com/hexagon/r/hexagon-publishes-the-annual-report-and-sustainability-report-2020,c3318474","hexagon publishes the annual report and sustainability report 2020thu, apr 01, 2021 08:00 cethexagon",cision
S14,Hexagon B,2021,https://mb.cision.com/Main/387/3534740/1556124.pdf,"https://news.cision.com/hexagon/r/hexagon-publishes-the-annual-report-and-sustainability-report-2021,c3534740","hexagon publishes the annual report and sustainability report 2021wed, mar 30, 2022 08:00 cethexagon",cision
S14,Hexagon B,2022,https://mb.cision.com/Main/387/3743717/1957065.pdf,"https://news.cision.com/hexagon/r/hexagon-publishes-the-annual-report-and-sustainability-report-2022,c3743717","hexagon publishes the annual report and sustainability report 2022fri, mar 31, 2023 08:00 cethexagon",cision
S14,Hexagon B,2023,https://mb.cision.com/Main/387/3952178/2698962.pdf,"https://news.cision.com/hexagon/r/hexagon-publishes-the-annual-report-and-sustainability-report-2023,c3952178","hexagon publishes the annual report and sustainability report 2023wed, mar 27, 2024 08:00 cethexagon",cision
S14,Hexagon B,2024,https://mb.cision.com/Main/387/4123663/3348237.pdf,"https://news.cision.com/hexagon/r/hexagon-publishes-the-annual-report-and-sustainability-report-2024,c4123663","hexagon publishes the annual report and sustainability report 2024thu, mar 27, 2025 08:00 cethexagon",cision
S20,SAAB B,2020,https://mb.cision.com/Main/183/3300345/1382470.pdf,"https://news.cision.com/saab/r/saab-publishes-its-annual-and-sustainability-report-2020,c3300345","saab publishes its annual and sustainability report 2020thu, mar 04, 2021 12:30 cetsaab’s annual and",cision
S20,SAAB B,2021,https://mb.cision.com/Main/183/3518932/1544477.pdf,"https://news.cision.com/saab/r/saab-publishes-its-2021-annual-and-sustainability-report,c3518932","saab publishes its 2021 annual and sustainability reportfri, mar 04, 2022 15:00 cetsaab’s annual and",cision
S20,SAAB B,2022,https://mb.cision.com/Main/183/3729683/1899922.pdf,"https://news.cision.com/saab/r/saab-publishes-its-2022-annual-and-sustainability-report,c3729683","saab publishes its 2022 annual and sustainability reportwed, mar 08, 2023 14:00 cetsaab’s annual and",cision
S20,SAAB B,2023,https://mb.cision.com/Main/183/3937793/2639666.pdf,"https://news.cision.com/saab/r/saab-publishes-its-2023-annual-and-sustainability-report,c3937793","saab publishes its 2023 annual and sustainability reportfri, mar 01, 2024 10:00 cetsaab’s annual and",cision
S20,SAAB B,2024,https://mb.cision.com/Main/183/4113322/3296554.pdf,"https://news.cision.com/saab/r/saab-publishes-its-2024-annual-and-sustainability-report,c4113322","saab publishes its 2024 annual and sustainability reportmon, mar 03, 2025 14:30 cetsaab’s annual and",cision
S20,SAAB B,2019,https://mb.cision.com/Main/183/3052123/1205536.pdf,https://mfn.se/cis/a/saab/saab-publicerar-ars-och-hallbarhetsredovisning-for-2019-04d3ffa0,Annual Report 2019 (via MFN),mfn
S20,SAAB B,2019,https://mb.cision.com/Public/183/3052123/97656ad42e7c7ce7.pdf,https://mfn.se/cis/a/saab/saab-publicerar-ars-och-hallbarhetsredovisning-for-2019-04d3ffa0,Annual Report 2019 (via MFN),mfn
S18,NIBE Industrier B,2024,https://storage.mfn.se/99ce48a8-9bf2-4af7-9d5d-3108ff73b8f5/se-nibe-ar-2024-w.pdf,https://mfn.se/a/nibe-industrier/nibe-industrier-ab-publ-publicerar-ars-och-hallbarhetsredovisning-for-2024,Annual Report 2024 (via MFN),mfn
S22,SCA B,2024,https://www.sca.com/siteassets/investors/reports-and-presentations/annual-reports/2024/sca_ar24_eng.pdf,https://www.sca.com/en/investors/,sca annual report 2024,ir
S22,SCA B,2019,https://mb.cision.com/Main/600/3053862/1206818.pdf,"https://news.cision.com/sca/r/sca-publishes-annual-report-for-2019-reports-benefits-for-society-and-climate,c3053862","sca publishes annual report for 2019 reports benefits for society and climatefri, mar 06, 2020 10:00",cision
S22,SCA B,2020,https://mb.cision.com/Main/600/3308556/1388439.pdf,"https://news.cision.com/sca/r/sca-publishes-annual-report-for-2020-with-long-term-sustainability-targets,c3308556","sca publishes annual report for 2020 with long-term sustainability targetsthu, mar 18, 2021 10:00 ce",cision
S22,SCA B,2021,https://mb.cision.com/Main/600/3520131/1545335.pdf,"https://news.cision.com/sca/r/sca-publishes-2021-annual-and-sustainability-report,c3520131","sca publishes 2021 annual and sustainability reporttue, mar 08, 2022 08:00 cetsca today publishes it",cision
S22,SCA B,2022,https://mb.cision.com/Main/600/3728359/1894286.pdf,"https://news.cision.com/sca/r/sca-publishes-2022-annual-and-sustainability-report,c3728359","sca publishes 2022 annual and sustainability reporttue, mar 07, 2023 10:00 cetsca is publishing its ",cision
S22,SCA B,2023,https://mb.cision.com/Main/600/3938079/2637715.pdf,"https://news.cision.com/sca/r/sca-publishes-2023-annual-report,c3938079","sca publishes 2023 annual reportthu, feb 29, 2024 08:00 cetsca publishes its annual report for the y",cision
S25,SKF B,2019,https://mb.cision.com/Main/637/3052162/1205531.pdf,"https://news.cision.com/skf/r/skf-annual-report-2019-published,c3052162","skf annual report 2019 publishedwed, mar 04, 2020 13:00 cetgothenburg, 4 march 2020: ab skf’s annual",cision
S25,SKF B,2020,https://mb.cision.com/Main/637/3299288/1381830.pdf,"https://news.cision.com/skf/r/skf-annual-report-2020,c3299288","skf annual report 2020wed, mar 03, 2021 13:00 cetgothenburg, 3 march 2021: ab skf’s annual report 20",cision
S25,SKF B,2021,https://mb.cision.com/Main/637/3517209/1543197.pdf,"https://news.cision.com/skf/r/skf-annual-report-2021-is-published-online,c3517209","skf annual report 2021 is published onlinewed, mar 02, 2022 13:00 cetgothenburg, 2 march 2022: ab sk",cision
S25,SKF B,2022,https://mb.cision.com/Main/637/3725597/1883909.pdf,"https://news.cision.com/skf/r/skf-annual-report-2022-published-online--major-milestone-reached-for-own-renewable-energy-use,c3725597","skf annual report 2022 published online; major milestone reached for own renewable energy usewed, ma",cision
S25,SKF B,2023,https://mb.cision.com/Main/637/3939698/2642356.pdf,"https://news.cision.com/skf/r/skf-annual-report-2023-published-online--on-track-to-deliver-on-2030-sustainability-target,c3939698","in 2023, we launched several ambitious initiatives and i’m pleased to report that we are on track to",cision
S25,SKF B,2024,https://mb.cision.com/Main/637/4115866/3306976.pdf,"https://news.cision.com/skf/r/skf-annual-report-2024-published-online--significant-decarbonization-milestone-reached,c4115866","also in 2024, we diligently executed on our strategy to further strengthen us as a company.rickard g",cision
S23,SEB A,2019,https://mb.cision.com/Main/4324/3222287/1323639.pdf,"https://news.cision.com/seb/r/seb-s-annual-reporting-2019-published,c3222287","seb's annual reporting 2019 publishedmon, mar 02, 2020 17:00 cetseb's annual report, which includes ",cision
S23,SEB A,2020,https://mb.cision.com/Main/4324/3298906/1381441.pdf,"https://news.cision.com/seb/r/seb-publishes-annual-and-sustainability-report-for-2020,c3298906","seb publishes annual and sustainability report for 2020tue, mar 02, 2021 16:00 cetseb has published ",cision
S23,SEB A,2021,https://mb.cision.com/Main/4324/3516765/1542756.pdf,"https://news.cision.com/seb/r/seb-publishes-annual-and-sustainability-report-for-2021,c3516765","seb publishes annual and sustainability report for 2021tue, mar 01, 2022 16:00 cetseb has published ",cision
S23,SEB A,2022,https://mb.cision.com/Main/4324/3724878/1881092.pdf,"https://news.cision.com/seb/r/seb-publishes-annual-and-sustainability-report-for-2022,c3724878","seb publishes annual and sustainability report for 2022wed, mar 01, 2023 16:00 cetseb has published ",cision
S23,SEB A,2023,https://mb.cision.com/Main/4324/3936474/2631963.pdf,"https://news.cision.com/seb/r/seb-publishes-annual-and-sustainability-report-2023,c3936474","seb publishes annual and sustainability report 2023tue, feb 27, 2024 14:00 cetseb has published its ",cision
S23,SEB A,2024,https://mb.cision.com/Main/4324/4117258/3314101.pdf,"https://news.cision.com/seb/r/seb-publishes-annual-report-2024,c4117258","seb publishes annual report 2024tue, mar 11, 2025 16:00 cetseb has published its annual report for t",cision
S26,Sv. Handelsbanken A,2021,https://mb.cision.com/Main/3555/3519940/1545190.pdf,"https://news.cision.com/handelsbanken/r/handelsbanken-publishes-its-annual-and-sustainability-report-for-2021-today,c3519940","handelsbanken publishes its annual and sustainability report for 2021 todayfri, feb 25, 2022 14:00 c",cision
S26,Sv. Handelsbanken A,2022,https://mb.cision.com/Main/3555/3723067/1874784.pdf,"https://news.cision.com/handelsbanken/r/handelsbanken-publishes-its-annual-and-sustainability-report-and-annual-reports-for-2022,c3723067","handelsbanken publishes its annual and sustainability report and annual reports for 2022fri, feb 24,",cision
S26,Sv. Handelsbanken A,2024,https://mb.cision.com/Main/3555/4111826/3288310.pdf,"https://news.cision.com/handelsbanken/r/handelsbanken-publishes-its-annual-and-sustainability-report--as-well-as-other-annual-reports-for-20,c4111826","handelsbanken publishes its annual and sustainability report, as well as other annual reports for 20",cision
S26,Sv. Handelsbanken A,2023,https://mb.cision.com/Main/3555/3934283/2623393.pdf,https://mfn.se/cis/a/handelsbanken/handelsbanken-publicerar-ars-och-hallbarhetsredovisning-samt-ovriga-arsrapporter-for-2023-49cc416e,Annual Report 2023 (via MFN),mfn
S26,Sv. Handelsbanken A,2023,https://mb.cision.com/Public/3555/3934283/a72ed7e336a7b54e.pdf,https://mfn.se/cis/a/handelsbanken/handelsbanken-publicerar-ars-och-hallbarhetsredovisning-samt-ovriga-arsrapporter-for-2023-49cc416e,Annual Report 2023 (via MFN),mfn
S26,Sv. Handelsbanken A,2020,https://mb.cision.com/Main/3555/3294359/1377796.pdf,https://mfn.se/cis/a/handelsbanken/handelsbanken-publishes-its-annual-report-and-sustainability-report-for-2020-today-2ecf1c3f,Annual Report 2020 (via MFN),mfn
S26,Sv. Handelsbanken A,2020,https://mb.cision.com/Public/3555/3294359/8cc6fb62c61fe643.pdf,https://mfn.se/cis/a/handelsbanken/handelsbanken-publishes-its-annual-report-and-sustainability-report-for-2020-today-2ecf1c3f,Annual Report 2020 (via MFN),mfn
S26,Sv. Handelsbanken A,2019,https://mb.cision.com/Main/3555/3035159/1193715.pdf,https://mfn.se/cis/a/handelsbanken/handelsbanken-publishes-its-annual-report-for-2019-today-120c2196,Annual Report 2019 (MFN/Cision),mfn
S26,Sv. Handelsbanken A,2019,https://mb.cision.com/Public/3555/3035159/86295cef11f8934a.pdf,https://mfn.se/cis/a/handelsbanken/handelsbanken-publishes-its-annual-report-for-2019-today-120c2196,Annual Report 2019 (MFN/Cision),mfn
S26,Sv. Handelsbanken A,2019,https://mb.cision.com/Main/3555/3027411/1188004.pdf,https://mfn.se/cis/a/handelsbanken/highlights-of-handelsbankens-annual-report-january-december-2019-ff1aeb87,Annual Report 2019 (MFN/Cision),mfn
S21,Sandvik,2020,https://mb.cision.com/Main/208/3308905/1388761.pdf,"https://news.cision.com/sandvik/r/sandvik-ab-annual-report-2020,c3308905","sandvik ab annual report 2020thu, mar 18, 2021 10:00 cetthe sandvik ab annual report 2020 is from to",cision
S21,Sandvik,2021,https://mb.cision.com/Main/208/3523985/1547713.pdf,"https://news.cision.com/sandvik/r/sandvik-ab-annual-report-2021,c3523985","sandvik ab annual report 2021mon, mar 14, 2022 11:00 cetthe sandvik ab annual report 2021 is from to",cision
S21,Sandvik,2022,https://mb.cision.com/Main/208/3731461/1904641.pdf,"https://news.cision.com/sandvik/r/sandvik-ab-annual-report-2022,c3731461","sandvik ab annual report 2022fri, mar 10, 2023 10:00 cetthe sandvik ab annual report 2022 is from to",cision
S21,Sandvik,2023,https://mb.cision.com/Main/208/3943621/2664685.pdf,"https://news.cision.com/sandvik/r/sandvik-ab-annual-report-2023,c3943621","sandvik ab annual report 2023wed, mar 13, 2024 10:00 cetthe sandvik ab annual report 2023 is from to",cision
S21,Sandvik,2024,https://mb.cision.com/Main/208/4114009/3308864.pdf,"https://news.cision.com/sandvik/r/sandvik-ab-annual-report-2024,c4114009","sandvik ab annual report 2024mon, mar 10, 2025 10:00 cetthe sandvik ab annual report 2024 is from to",cision
S21,Sandvik,2019,https://mb.cision.com/Main/208/3058294/1210382.pdf,https://mfn.se/cis/a/sandvik/sandvik-ab-annual-report-2019-04fd23ba,Annual Report 2019 (MFN/Cision),mfn
S24,Skanska B,2024,https://group.skanska.com/49490b/siteassets/investors/reports-publications/annual-reports/2024/annual-and-sustainability-report-2024.pdf,https://group.skanska.com/investors/,annual and sustainability report 2024 (pdf),ir
S24,Skanska B,2021,https://mb.cision.com/Main/95/3497789/1528995.pdf,"https://news.cision.com/skanska/r/year-end-report-january-december-2021,c3497789","year-end report january-december 2021thu, feb 03, 2022 07:30 cetskanska year-end report, january-dec",cision
S24,Skanska B,2022,https://mb.cision.com/Main/95/3729491/1898361.pdf,"https://news.cision.com/skanska/r/skanska-publishes-annual-and-sustainability-report-2022--strong-performance-in-spotlight,c3729491","skanska publishes annual and sustainability report 2022: strong performance in spotlightwed, mar 08,",cision
S24,Skanska B,2023,https://mb.cision.com/Main/95/3941541/2651266.pdf,"https://news.cision.com/skanska/r/skanska-publishes-annual-and-sustainability-report-2023--financial-strength-maintained,c3941541","skanska publishes annual and sustainability report 2023: financial strength maintainedwed, mar 06, 2",cision
S24,Skanska B,2020,https://mb.cision.com/Main/95/3069349/1218328.pdf,https://mfn.se/cis/a/skanska/communique-from-the-2020-annual-general-meeting-of-skanska-ab-publ-b86fd56c,Annual Report 2020 (MFN/Cision),mfn
S29,Telia Company,2020,https://mb.cision.com/Main/40/3229596/1329189.pdf,"https://news.cision.com/telia-company/r/notice-to-telia-company-s-extraordinary-general-meeting-2020,c3229596","notice to telia company’s extraordinary general meeting 2020mon, nov 02, 2020 10:55 cettelia company",cision
S29,Telia Company,2021,https://mb.cision.com/Main/40/3522382/1546730.pdf,"https://news.cision.com/telia-company/r/telia-company-presents-its-annual-and-sustainability-report-2021,c3522382","telia company presents its annual and sustainability report 2021fri, mar 11, 2022 09:00 cetthe repor",cision
S29,Telia Company,2022,https://mb.cision.com/Main/40/3754341/1996100.pdf,"https://news.cision.com/telia-company/r/telia-company-presents-its-annual-and-sustainability-report-2022,c3754341","telia company presents its annual and sustainability report 2022mon, mar 13, 2023 08:00 cetthe repor",cision
S29,Telia Company,2023,https://mb.cision.com/Main/40/3947189/2674950.pdf,"https://news.cision.com/telia-company/r/telia-company-presents-its-2023-annual-and-sustainability-report,c3947189","telia company presents its 2023 annual and sustainability reporttue, mar 19, 2024 08:00 cettoday, te",cision
S29,Telia Company,2024,https://mb.cision.com/Main/40/4089761/3199587.pdf,"https://news.cision.com/telia-company/r/telia-rated-in-world-s-top-1--for-sustainability-performance,c4089761","telia rated in world’s top 1% for sustainability performancefri, jan 10, 2025 10:00 cettelia’s susta",cision
S29,Telia Company,2019,https://mb.cision.com/Main/40/3057357/1209600.pdf,https://mfn.se/cis/a/telia-company/telia-companys-ars-och-hallbarhetsredovisning-2019-finns-nu-tillganglig-pa-www-teliacompany-com-5d1c5645,Annual Report 2019 (via MFN),mfn
S28,Tele2 B,2024,https://mb.cision.com/Main/3372/4129651/3363921.pdf,https://mfn.se/cis/a/tele2/tele2-ab-tele2-publicerar-ars-och-hallbarhetsredovisning-for-2024-5g-expansion-inledd-transformation-och-utmarkelse-som-sveriges-mest-hallbara-foretag-c687a772,Annual Report 2024 (via MFN),mfn
S28,Tele2 B,2024,https://mb.cision.com/Public/3372/4129651/8a20dcd0b39f6649.pdf,https://mfn.se/cis/a/tele2/tele2-ab-tele2-publicerar-ars-och-hallbarhetsredovisning-for-2024-5g-expansion-inledd-transformation-och-utmarkelse-som-sveriges-mest-hallbara-foretag-c687a772,Annual Report 2024 (via MFN),mfn
S28,Tele2 B,2023,https://mb.cision.com/Main/3372/3954298/2703759.pdf,https://mfn.se/cis/a/tele2/tele2-ab-tele2-annual-and-sustainability-report-2023-ba6e710d,Annual Report 2023 (via MFN),mfn
S28,Tele2 B,2023,https://mb.cision.com/Public/3372/3954298/9a3f6ea36b464e46.pdf,https://mfn.se/cis/a/tele2/tele2-ab-tele2-annual-and-sustainability-report-2023-ba6e710d,Annual Report 2023 (via MFN),mfn
S28,Tele2 B,2022,https://mb.cision.com/Main/3372/3745841/1962077.pdf,https://mfn.se/cis/a/tele2/tele2-ab-tele2-ars-och-hallbarhetsredovisning-2022-3399f0ab,Annual Report 2022 (via MFN),mfn
S28,Tele2 B,2022,https://mb.cision.com/Public/3372/3745841/805f412528762da6.pdf,https://mfn.se/cis/a/tele2/tele2-ab-tele2-ars-och-hallbarhetsredovisning-2022-3399f0ab,Annual Report 2022 (via MFN),mfn
S28,Tele2 B,2021,https://mb.cision.com/Main/3372/3535246/1555943.pdf,https://mfn.se/cis/a/tele2/tele2-ab-tele2s-ars-och-hallbarhetsredovisning-2021-d77181e9,Annual Report 2021 (via MFN),mfn
S28,Tele2 B,2021,https://mb.cision.com/Public/3372/3535246/8688171a4bc8fa26.pdf,https://mfn.se/cis/a/tele2/tele2-ab-tele2s-ars-och-hallbarhetsredovisning-2021-d77181e9,Annual Report 2021 (via MFN),mfn
S28,Tele2 B,2019,https://mb.cision.com/Main/3372/3068881/1218057.pdf,https://mfn.se/cis/a/tele2/tele2-ab-tele2s-annual-report-2019-fe9cd3a8,Annual Report 2019 (MFN/Cision),mfn
S28,Tele2 B,2019,https://mb.cision.com/Public/3372/3068881/90966ced513dfa44.pdf,https://mfn.se/cis/a/tele2/tele2-ab-tele2s-annual-report-2019-fe9cd3a8,Annual Report 2019 (MFN/Cision),mfn
S28,Tele2 B,2019,https://mb.cision.com/Main/3372/2804832/1038253.pdf,https://mfn.se/cis/a/tele2/tele2-ab-annual-general-meeting-2019-42b0b391,Annual Report 2019 (MFN/Cision),mfn
S28,Tele2 B,2020,https://mb.cision.com/Main/3372/3313796/1392365.pdf,https://mfn.se/cis/a/tele2/tele2-ab-tele2s-annual-and-sustainability-report-2020-03d08994,Annual Report 2020 (MFN/Cision),mfn
S28,Tele2 B,2020,https://mb.cision.com/Public/3372/3313796/b059ce6acb970a22.pdf,https://mfn.se/cis/a/tele2/tele2-ab-tele2s-annual-and-sustainability-report-2020-03d08994,Annual Report 2020 (MFN/Cision),mfn
S28,Tele2 B,2020,https://mb.cision.com/Main/3372/3108945/1245774.pdf,https://mfn.se/cis/a/tele2/tele2-ab-annual-general-meeting-2020-7982b9a4,Annual Report 2020 (MFN/Cision),mfn
S27,Swedbank A,2019,https://mb.cision.com/Main/67/3039111/1196760.pdf,"https://news.cision.com/swedbank/r/swedbank-s-annual-report-2019-published,c3039111","swedbank’s annual report 2019 publishedwed, feb 19, 2020 18:15 cetswedbank’s annual and sustainabili",cision
S27,Swedbank A,2020,https://mb.cision.com/Main/67/3365325/1430768.pdf,"https://news.cision.com/swedbank/r/swedbank-robur-global-impact-report-2020,c3365325","in the fund's yearly report, we strive to quantify positive effects on the environment and social ar",cision
S27,Swedbank A,2021,https://mb.cision.com/Main/67/3512868/1539649.pdf,"https://news.cision.com/swedbank/r/swedbank-s-annual-and-sustainability-report-2021--sustainability-at-the-core-of-our-business,c3512868","swedbank’s annual and sustainability report 2021: sustainability at the core of our businesswed, feb",cision
S27,Swedbank A,2022,https://mb.cision.com/Main/67/3722323/1870905.pdf,"https://news.cision.com/swedbank/r/swedbank-s-annual-and-sustainability-report-for-2022,c3722323","swedbank’s annual and sustainability report for 2022thu, feb 23, 2023 12:00 cetswedbank reported a s",cision
S27,Swedbank A,2023,https://mb.cision.com/Main/67/3978851/2794734.pdf,"https://news.cision.com/swedbank/r/swedbank-robur-corporate-governance---engagement-report-2023,c3978851",we can both handle sustainability risks effectively and find good investment opportunities through o,cision
S27,Swedbank A,2024,https://mb.cision.com/Main/67/4111985/3289763.pdf,"https://news.cision.com/swedbank/r/swedbank-s-annual-and-sustainability-report-2024,c4111985","swedbank’s annual and sustainability report 2024thu, feb 20, 2025 12:00 cettoday swedbank has publis",cision
S30,Volvo B,2024,https://mb.cision.com/Main/39/4112014/3290343.pdf,https://mfn.se/cis/a/volvo/ab-volvo-publicerar-arsredovisning-for-2024-6d3162d4,Annual Report 2024 (via MFN),mfn_detail
S30,Volvo B,2023,https://mb.cision.com/Main/39/3938374/2638725.pdf,https://mfn.se/cis/a/volvo/ab-volvo-publicerar-arsredovisning-for-2023-cfd83b5f,Annual Report 2023 (via MFN),mfn_detail
S30,Volvo B,2022,https://mb.cision.com/Main/39/3724997/1882138.pdf,https://mfn.se/cis/a/volvo/ab-volvo-publicerar-arsredovisning-2022-81c7dc0b,Annual Report 2022 (via MFN),mfn_detail
S30,Volvo B,2021,https://mb.cision.com/Main/39/3513638/1540980.pdf,https://mfn.se/cis/a/volvo/ab-volvo-publicerar-ars-och-hallbarhetsredovisning-2021-57bfcf65,Annual Report 2021 (via MFN),mfn_detail
S30,Volvo B,2020,https://mb.cision.com/Main/39/3297011/1379923.pdf,https://mfn.se/cis/a/volvo/ab-volvo-publishes-annual-and-sustainability-report-2020-68212c89,Annual Report 2020 (via MFN),mfn_detail
S30,Volvo B,2019,https://mb.cision.com/Main/39/3045690/1200842.pdf,https://mfn.se/cis/a/volvo/ab-volvo-publishes-annual-and-sustainability-report-2019-4f388f9e,Annual Report 2019 (MFN/Cision),mfn
